{
    "model_name": "Naive Bayes + TF-IDF",
    "alpha": 0.05,
    "train_metrics": {
        "Accuracy": 0.7072765957446808,
        "Precision": 0.7094296147231572,
        "Recall": 0.7072765957446808,
        "F1-Score": 0.701980546169914
    },
    "val_metrics": {
        "Accuracy": 0.679605039155601,
        "Precision": 0.6818979553657001,
        "Recall": 0.679605039155601,
        "F1-Score": 0.6748671862617133
    },
    "test_metrics": {
        "Accuracy": 0.672566371681416,
        "Precision": 0.6707353176603796,
        "Recall": 0.672566371681416,
        "F1-Score": 0.6654909885406817
    },
    "confusion_matrix": [
        [
            314,
            183,
            178
        ],
        [
            51,
            912,
            134
        ],
        [
            148,
            268,
            750
        ]
    ]
}