{
  "model_name": "Transformer (DistilBERT Fine-tuning)",
  "base_model": "distilbert-base-uncased",
  "architecture": {
    "num_layers": 6,
    "hidden_size": 768,
    "num_attention_heads": 12,
    "vocab_size": 30522,
    "max_position_embeddings": 512
  },
  "training_config": {
    "optimizer": "AdamW",
    "learning_rate": 2e-05,
    "batch_size": 16,
    "epochs_trained": 3,
    "warmup_steps": 500,
    "total_steps": 4407
  },
  "train_metrics": {
    "accuracy": 0.34897872340425534,
    "precision": 0.34534028507202696,
    "recall": 0.34897872340425534,
    "f1": 0.3463294452483615,
    "f1_macro": 0.32877566835113886
  },
  "val_metrics": {
    "accuracy": 0.7374872318692544,
    "precision": 0.7402607860041925,
    "recall": 0.7374872318692544,
    "f1": 0.7372429500492095,
    "f1_macro": 0.7228657335042867
  },
  "test_metrics": {
    "accuracy": 0.7351940095302927,
    "precision": 0.7368822443094974,
    "recall": 0.7351940095302927,
    "f1": 0.7335195894929692,
    "f1_macro": 0.7155816091474368
  },
  "confusion_matrix": [
    [
      378,
      78,
      219
    ],
    [
      87,
      837,
      173
    ],
    [
      126,
      95,
      945
    ]
  ]
}